ชื่อเต็ม (ตามประกาศ),คณะ,มหาวิทยาลัย,สาขา,ภูมิภาค,ประเภท,สูงสุด,ต่ำสุด,เฉลี่ย
คณะแพทยศาสตร์ มหาวิทยาลัยขอนแก่น,แพทยศาสตร์,มหาวิทยาลัยขอนแก่น,ปกติ,ตะวันออกเฉียงเหนือ,รัฐบาล,72.5761,69.8215,70.6685
คณะแพทยศาสตร์ จุฬาลงกรณ์มหาวิทยาลัย,แพทยศาสตร์,จุฬาลงกรณ์มหาวิทยาลัย,ปกติ,กลางและ กทม.,รัฐบาล,88.9196,76.954,80.8935
คณะแพทยศาสตร์ จุฬาลงกรณ์มหาวิทยาลัย - กรมแพทย์ทหารอากาศ กองทัพอากาศ,แพทยศาสตร์,จุฬาลงกรณ์มหาวิทยาลัย,กรมแพทย์ทหารอากาศ,กลางและ กทม.,รัฐบาล,76.8641,72.6618,73.4272
คณะแพทยศาสตร์ มหาวิทยาลัยเชียงใหม่,แพทยศาสตร์,มหาวิทยาลัยเชียงใหม่,ปกติ,เหนือ,รัฐบาล,74.8976,69.4255,70.431
คณะแพทยศาสตร์ มหาวิทยาลัยธรรมศาสตร์,แพทยศาสตร์,มหาวิทยาลัยธรรมศาสตร์,ปกติ,กลางและ กทม.,รัฐบาล,73.1636,71.5897,72.287
คณะแพทยศาสตร์ มหาวิทยาลัยนเรศวร,แพทยศาสตร์,มหาวิทยาลัยนเรศวร,ปกติ,เหนือ,รัฐบาล,71.8581,66.3655,67.3722
คณะแพทยศาสตร์โรงพยาบาลรามาธิบดี มหาวิทยาลัยมหิดล,แพทยศาสตร์,มหาวิทยาลัยมหิดล,รามาธิบดี,กลางและ กทม.,รัฐบาล,85.5614,73.1708,75.3464
คณะแพทยศาสตร์ศิริราชพยาบาล มหาวิทยาลัยมหิดล,แพทยศาสตร์,มหาวิทยาลัยมหิดล,ศิริราชพยาบาล,กลางและ กทม.,รัฐบาล,84.4246,73.9783,76.6476
วิทยาลัยแพทยศาสตร์ มหาวิทยาลัยรังสิต (โรงพยาบาลราชวิถี) (สถาบันเอกชน),แพทยศาสตร์,มหาวิทยาลัยรังสิต,ราชวิถี,กลางและ กทม.,เอกชน,66.4552,60.1868,62.178
วิทยาลัยแพทยศาสตร์ มหาวิทยาลัยรังสิต (โรงพยาบาลเลิดสิน) (สถาบันเอกชน),แพทยศาสตร์,มหาวิทยาลัยรังสิต,เลิดสิน,กลางและ กทม.,เอกชน,60.1126,58.903,59.5962
วิทยาลัยแพทยศาสตร์ มหาวิทยาลัยรังสิต (โรงพยาบาลนพรัตนราชธานี) (สถาบันเอกชน),แพทยศาสตร์,มหาวิทยาลัยรังสิต,นพรัตนราชธานี,กลางและ กทม.,เอกชน,60.1187,57.703,58.5288
คณะแพทยศาสตร์ มหาวิทยาลัยศรีนครินทรวิโรฒ,แพทยศาสตร์,มหาวิทยาลัยศรีนครินทรวิโรฒ,ปกติ,กลางและ กทม.,รัฐบาล,70.707,67.2399,68.5621
คณะแพทยศาสตร์ มหาวิทยาลัยสงขลานครินทร์,แพทยศาสตร์,มหาวิทยาลัยสงขลานครินทร์,ปกติ,ใต้,รัฐบาล,72.785,66.6816,68.7907
คณะแพทยศาสตร์วชิรพยาบาล มหาวิทยาลัยนวมินทราธิราช,แพทยศาสตร์,มหาวิทยาลัยนวมินทราธิราช,วชิรพยาบาล,กลางและ กทม.,รัฐบาล,72.9839,70.8053,71.4885
คณะแพทยศาสตร์วชิรพยาบาล มหาวิทยาลัยนวมินทราธิราช-โรงพยาบาลตากสิน สำนักการแพทย์กรุงเทพมหานคร,แพทยศาสตร์,มหาวิทยาลัยนวมินทราธิราช,โรงพยาบาลตากสิน,กลางและ กทม.,รัฐบาล,70.7782,70.2583,70.5354
วิทยาลัยแพทยศาสตร์พระมงกุฎเกล้า เพศชาย,แพทยศาสตร์,วิทยาลัยแพทยศาสตร์พระมงกุฎเกล้า,เพศชาย,กลางและ กทม.,รัฐบาล,72.6387,65.1646,66.8479
วิทยาลัยแพทยศาสตร์พระมงกุฎเกล้า เพศหญิง,แพทยศาสตร์,วิทยาลัยแพทยศาสตร์พระมงกุฎเกล้า,เพศหญิง,กลางและ กทม.,รัฐบาล,71.2884,66.257,67.602
สำนักวิชาแพทยศาสตร์ มหาวิทยาลัยเทคโนโลยีสุรนารี,แพทยศาสตร์,มหาวิทยาลัยเทคโนโลยีสุรนารี,ปกติ,ตะวันออกเฉียงเหนือ,รัฐบาล,68.3425,65.8398,66.3514
คณะแพทยศาสตร์มหาวิทยาลัยบูรพา,แพทยศาสตร์,มหาวิทยาลัยบูรพา,ปกติ,ตะวันออก,รัฐบาล,66.9679,64.5679,65.295
สำนักวิชาแพทยศาสตร์ มหาวิทยาลัยแม่ฟ้าหลวง,แพทยศาสตร์,มหาวิทยาลัยแม่ฟ้าหลวง,ปกติ,เหนือ,รัฐบาล,66.986,65.3364,65.9289
คณะแพทยศาสตร์ มหาวิทยาลัยสยาม (สถาบันเอกชน),แพทยศาสตร์,มหาวิทยาลัยสยาม,ปกติ,กลางและ กทม.,เอกชน,58.0886,53.0338,55.3728
คณะแพทยศาสตร์ มหาวิทยาลัยเวสเทิร์น (สถาบันเอกชน),แพทยศาสตร์,มหาวิทยาลัยเวสเทิร์น,ปกติ,กลางและ กทม.,เอกชน,52.0848,52.0848,52.0848
คณะแพทยศาสตร์ศรีสวางควัฒน ราชวิทยาลัยจุฬาภรณ์,แพทยศาสตร์,ราชวิทยาลัยจุฬาภรณ์,ปกติ,กลางและ กทม.,รัฐบาล,70.7342,69.4887,70.0616
คณะแพทยศาสตร์ มหาวิทยาลัยเกษตรศาสตร์,แพทยศาสตร์,มหาวิทยาลัยเกษตรศาสตร์,ปกติ,กลางและ กทม.,รัฐบาล,71.9324,67.109,68.3129
คณะทันตแพทยศาสตร์ จุฬาลงกรณ์มหาวิทยาลัย,ทันตแพทยศาสตร์,จุฬาลงกรณ์มหาวิทยาลัย,ปกติ,กลางและ กทม.,รัฐบาล,87.093,73.3697,76.5772
คณะทันตแพทยศาสตร์ มหาวิทยาลัยมหิดล,ทันตแพทยศาสตร์,มหาวิทยาลัยมหิดล,ปกติ,กลางและ กทม.,รัฐบาล,83.4331,70.0506,71.6421
คณะทันตแพทยศาสตร์ มหาวิทยาลัยเชียงใหม่,ทันตแพทยศาสตร์,มหาวิทยาลัยเชียงใหม่,ปกติ,เหนือ,รัฐบาล,75.3855,67.3915,69.1096
คณะทันตแพทยศาสตร์ มหาวิทยาลัยสงขลานครินทร์,ทันตแพทยศาสตร์,มหาวิทยาลัยสงขลานครินทร์,ปกติ,ใต้,รัฐบาล,69.2338,65.6568,66.4529
คณะทันตแพทยศาสตร์ มหาวิทยาลัยศรีนครินทรวิโรฒ,ทันตแพทยศาสตร์,มหาวิทยาลัยศรีนครินทรวิโรฒ,ปกติ,กลางและ กทม.,รัฐบาล,69.7356,67.5785,68.2312
คณะทันตแพทยศาสตร์ มหาวิทยาลัยขอนแก่น,ทันตแพทยศาสตร์,มหาวิทยาลัยขอนแก่น,ปกติ,ตะวันออกเฉียงเหนือ,รัฐบาล,69.6365,66.8186,67.6073
คณะทันตแพทยศาสตร์ มหาวิทยาลัยธรรมศาสตร์,ทันตแพทยศาสตร์,มหาวิทยาลัยธรรมศาสตร์,ปกติ,กลางและ กทม.,รัฐบาล,73.7485,68.9169,69.6256
คณะทันตแพทยศาสตร์ มหาวิทยาลัยนเรศวร,ทันตแพทยศาสตร์,มหาวิทยาลัยนเรศวร,ปกติ,เหนือ,รัฐบาล,66.6871,64.052,65.0598
สำนักวิชาทันตแพทยศาสตร์ มหาวิทยาลัยเทคโนโลยีสุรนารี,ทันตแพทยศาสตร์,มหาวิทยาลัยเทคโนโลยีสุรนารี,ปกติ,ตะวันออกเฉียงเหนือ,รัฐบาล,64.551,61.8965,62.6655
คณะทันตแพทยศาสตร์ มหาวิทยาลัยเนชั่น (สถาบันเอกชน),ทันตแพทยศาสตร์,มหาวิทยาลัยเนชั่น,ปกติ,เหนือ,เอกชน,-,-,-
คณะทันตแพทยศาสตร์ มหาวิทยาลัยเวสเทิร์น (สถาบันเอกชน),ทันตแพทยศาสตร์,มหาวิทยาลัยเวสเทิร์น,ปกติ,กลางและ กทม.,เอกชน,-,-,-
วิทยาลัยทันตแพทยศาสตร์ มหาวิทยาลัยรังสิต (สถาบันเอกชน),ทันตแพทยศาสตร์,มหาวิทยาลัยรังสิต,ปกติ,กลางและ กทม.,เอกชน,60.568,47.7851,53.2289
คณะทันตแพทยศาสตร์ มหาวิทยาลัยกรุงเทพธนบุรี (สถาบันเอกชน),ทันตแพทยศาสตร์,มหาวิทยาลัยกรุงเทพธนบุรี,ปกติ,กลางและ กทม.,เอกชน,53.3064,53.3064,53.3064
คณะทันตแพทยศาสตร์ มหาวิทยาลัยสยาม (สถาบันเอกชน),ทันตแพทยศาสตร์,มหาวิทยาลัยสยาม,ปกติ,กลางและ กทม.,เอกชน,52.615,48.5195,46.4373
สำนักวิชาทันตแพทยศาสตร์ มหาวิทยาลัยแม่ฟ้าหลวง,ทันตแพทยศาสตร์,มหาวิทยาลัยแม่ฟ้าหลวง,ปกติ,เหนือ,รัฐบาล,65.6339,62.2868,63.3342
คณะสัตวแพทยศาสตร์ จุฬาลงกรณ์มหาวิทยาลัย,สัตวแพทยศาสตร์,จุฬาลงกรณ์มหาวิทยาลัย,ปกติ,กลางและ กทม.,รัฐบาล,77.9769,61.056,63.0681
คณะสัตวแพทยศาสตร์ มหาวิทยาลัยเกษตรศาสตร์,สัตวแพทยศาสตร์,มหาวิทยาลัยเกษตรศาสตร์,ปกติ,กลางและ กทม.,รัฐบาล,68.4178,60.2242,61.7804
คณะสัตวแพทยศาสตร์ มหาวิทยาลัยขอนแก่น,สัตวแพทยศาสตร์,มหาวิทยาลัยขอนแก่น,ปกติ,ตะวันออกเฉียงเหนือ,รัฐบาล,59.032,58.1057,58.4842
คณะสัตวแพทยศาสตร์ มหาวิทยาลัยเชียงใหม่,สัตวแพทยศาสตร์,มหาวิทยาลัยเชียงใหม่,ปกติ,เหนือ,รัฐบาล,62.677,59.0096,60.4711
คณะสัตวแพทยศาสตร์ มหาวิทยาลัยมหิดล,สัตวแพทยศาสตร์,มหาวิทยาลัยมหิดล,ปกติ,กลางและ กทม.,รัฐบาล,63.3512,59.059,60.1055
คณะสัตวแพทยศาสตร์ มหาวิทยาลัยเทคโนโลยีมหานคร (สถาบันเอกชน),สัตวแพทยศาสตร์,มหาวิทยาลัยเทคโนโลยีมหานคร,ปกติ,กลางและ กทม.,เอกชน,56.6037,50.2193,53.4047
คณะสัตวแพทยศาสตร์ มหาวิทยาลัยมหาสารคาม,สัตวแพทยศาสตร์,มหาวิทยาลัยมหาสารคาม,ปกติ,ตะวันออกเฉียงเหนือ,รัฐบาล,57.527,55.7829,56.4404
คณะสัตวแพทยศาสตร์ มหาวิทยาลัยเทคโนโลยีราชมงคลตะวันออก,สัตวแพทยศาสตร์,มหาวิทยาลัยเทคโนโลยีราชมงคลตะวันออก,ปกติ,ตะวันออก,รัฐบาล,56.0825,52.9189,54.2361
คณะสัตวแพทยศาสตร์ มหาวิทยาลัยเทคโนโลยีราชมงคลศรีวิชัย,สัตวแพทยศาสตร์,มหาวิทยาลัยเทคโนโลยีราชมงคลศรีวิชัย,ปกติ,ใต้,รัฐบาล,56.2869,50.6428,52.9166
คณะสัตวแพทยศาสตร์ มหาวิทยาลัยสงขลานครินทร์,สัตวแพทยศาสตร์,มหาวิทยาลัยสงขลานครินทร์,ปกติ,ใต้,รัฐบาล,65.6033,56.938,58.7373
คณะสัตวแพทยศาสตร์ มหาวิทยาลัยเวสเทิร์น (สถาบันเอกชน),สัตวแพทยศาสตร์,มหาวิทยาลัยเวสเทิร์น,ปกติ,กลางและ กทม.,เอกชน,40.6926,40.6926,40.6926
คณะเภสัชศาสตร์ จุฬาลงกรณ์มหาวิทยาลัย (สาขาวิชาการบริบาลทางเภสัชกรรม),เภสัชศาสตร์,จุฬาลงกรณ์มหาวิทยาลัย,การบริบาลทางเภสัชกรรม,กลางและ กทม.,รัฐบาล,72.7689,64.1074,65.7581
คณะเภสัชศาสตร์ จุฬาลงกรณ์มหาวิทยาลัย (สาขาวิชาเภสัชกรรมอุตสาหการ),เภสัชศาสตร์,จุฬาลงกรณ์มหาวิทยาลัย,เภสัชกรรมอุตสาหการ,กลางและ กทม.,รัฐบาล,78.6827,64.6655,62.838
คณะเภสัชศาสตร์ มหาวิทยาลัยมหิดล,เภสัชศาสตร์,มหาวิทยาลัยมหิดล,ปกติ,กลางและ กทม.,รัฐบาล,74.4896,62.943,64.5637
คณะเภสัชศาสตร์ มหาวิทยาลัยเชียงใหม่,เภสัชศาสตร์,มหาวิทยาลัยเชียงใหม่,ปกติ,เหนือ,รัฐบาล,65.3288,59.0982,60.5531
คณะเภสัชศาสตร์ มหาวิทยาลัยศรีนครินทรวิโรฒ (สาขาวิชาการบริบาลทางเภสัชกรรม),เภสัชศาสตร์,มหาวิทยาลัยศรีนครินทรวิโรฒ,การบริบาลทางเภสัชกรรม,กลางและ กทม.,รัฐบาล,61.6929,59.6369,60.6122
คณะเภสัชศาสตร์ มหาวิทยาลัยศรีนครินทรวิโรฒ (สาขาวิชาเภสัชกรรมอุตสาหการ),เภสัชศาสตร์,มหาวิทยาลัยศรีนครินทรวิโรฒ,เภสัชกรรมอุตสาหการ,กลางและ กทม.,รัฐบาล,61.9096,58.8807,59.9657
คณะเภสัชศาสตร์ มหาวิทยาลัยธรรมศาสตร์,เภสัชศาสตร์,มหาวิทยาลัยธรรมศาสตร์,ปกติ,กลางและ กทม.,รัฐบาล,62.8217,61.6502,62.1789
คณะเภสัชศาสตร์ มหาวิทยาลัยมหาสารคาม (สาขาวิชาการบริบาลทางเภสัชกรรม),เภสัชศาสตร์,มหาวิทยาลัยมหาสารคาม,การบริบาลทางเภสัชกรรม,ตะวันออกเฉียงเหนือ,รัฐบาล,60.6593,56.8871,58.0772
คณะเภสัชศาสตร์ มหาวิทยาลัยบูรพา,เภสัชศาสตร์,มหาวิทยาลัยบูรพา,ปกติ,ตะวันออก,รัฐบาล,60.5018,54.6492,56.2524
คณะเภสัชศาสตร์ มหาวิทยาลัยสยาม (สถาบันเอกชน) (สาขาวิชาการบริบาลทางเภสัชกรรม),เภสัชศาสตร์,มหาวิทยาลัยสยาม,การบริบาลทางเภสัชกรรม,กลางและ กทม.,เอกชน,54.2559,44.6124,47.9715
คณะเภสัชศาสตร์ มหาวิทยาลัยหัวเฉียวเฉลิมพระเกียรติ (สถาบันเอกชน),เภสัชศาสตร์,มหาวิทยาลัยหัวเฉียวเฉลิมพระเกียรติ,ปกติ,กลางและ กทม.,เอกชน,55.2255,51.0164,52.7115
คณะเภสัชศาสตร์ มหาวิทยาลัยพายัพ (สถาบันเอกชน) (สาขาวิชาการบริบาลทางเภสัชกรรม),เภสัชศาสตร์,มหาวิทยาลัยพายัพ,การบริบาลทางเภสัชกรรม,เหนือ,เอกชน,55.9783,47.9374,50.9126
คณะเภสัชศาสตร์ มหาวิทยาลัยอุบลราชธานี (สาขาวิชาการบริบาลทางเภสัชกรรม),เภสัชศาสตร์,มหาวิทยาลัยอุบลราชธานี,การบริบาลทางเภสัชกรรม,ตะวันออกเฉียงเหนือ,รัฐบาล,59.6298,57.9188,58.3864
คณะเภสัชศาสตร์ มหาวิทยาลัยอุบลราชธานี (สาขาวิชาเภสัชกรรมอุตสาหการ),เภสัชศาสตร์,มหาวิทยาลัยอุบลราชธานี,เภสัชกรรมอุตสาหการ,ตะวันออกเฉียงเหนือ,รัฐบาล,57.698,56.3169,56.9119
คณะเภสัชศาสตร์ มหาวิทยาลัยสงขลานครินทร์ (สาขาวิชาเภสัชกรรมอุตสาหการ),เภสัชศาสตร์,มหาวิทยาลัยสงขลานครินทร์,เภสัชกรรมอุตสาหการ,ใต้,รัฐบาล,62.9131,58.3518,59.6713
คณะเภสัชศาสตร์ มหาวิทยาลัยสงขลานครินทร์ (สาขาวิชาการบริบาลทางเภสัชกรรม),เภสัชศาสตร์,มหาวิทยาลัยสงขลานครินทร์,การบริบาลทางเภสัชกรรม,ใต้,รัฐบาล,65.5981,60.6981,62.5255
คณะเภสัชศาสตร์ มหาวิทยาลัยขอนแก่น (หลักสูตรไทย),เภสัชศาสตร์,มหาวิทยาลัยขอนแก่น,หลักสูตรไทย,ตะวันออกเฉียงเหนือ,รัฐบาล,67.3186,61.3029,62.402
คณะเภสัชศาสตร์ มหาวิทยาลัยศิลปากร,เภสัชศาสตร์,มหาวิทยาลัยศิลปากร,ปกติ,กลางและ กทม.,รัฐบาล,62.575,61.4287,61.9125
คณะเภสัชศาสตร์ มหาวิทยาลัยเวสเทิร์น (สถาบันเอกชน),เภสัชศาสตร์,มหาวิทยาลัยเวสเทิร์น,ปกติ,กลางและ กทม.,เอกชน,-,-,-